,0,1,2,3,4
0,1,John,Doe,1995-01-05,john.doe@postgresqltutorial.com
1,2,Jane,Doe,1995-02-05,jane.doe@postgresqltutorial.com
2,3,John,Doe,1995-01-05,john.doe@postgresqltutorial.com
3,4,Jane,Doe,1995-02-05,jane.doe@postgresqltutorial.com
4,5,John,Doe,1995-01-05,john.doe@postgresqltutorial.com
5,6,Jane,Doe,1995-02-05,jane.doe@postgresqltutorial.com
6,7,John,Doe,1995-01-05,john.doe@postgresqltutorial.com
7,8,Jane,Doe,1995-02-05,jane.doe@postgresqltutorial.com
8,9,John,Doe,1995-01-05,john.doe@postgresqltutorial.com
9,10,Jane,Doe,1995-02-05,jane.doe@postgresqltutorial.com
10,11,John,Doe,1995-01-05,john.doe@postgresqltutorial.com
11,12,Jane,Doe,1995-02-05,jane.doe@postgresqltutorial.com
